{
  "receitas": [{
      "sys": {
        "id": "1"
      },
      "fields": {
        "nome": "Receita 01",
        "categoria": "peixe",
        "descricao": "",
        "image": {
          "fields": {
            "file": {
              "url": "img/receita/receita-1.jpg"
            }
          }
        }
      }
    },
    {
      "sys": {
        "id": "2"
      },
      "fields": {
        "nome": "Receita 02",
        "categoria": "carne",
        "descricao": "",
        "image": {
          "fields": {
            "file": {
              "url": "img/receita/receita-2.jpg"
            }
          }
        }
      }
    },
    {
      "sys": {
        "id": "3"
      },
      "fields": {
        "nome": "Receita 03",
        "categoria": "massa-pizzas",
        "descricao": "",
        "image": {
          "fields": {
            "file": {
              "url": "img/receita/receita-3.jpg"
            }
          }
        }
      }
    },
    {
      "sys": {
        "id": "4"
      },
      "fields": {
        "nome": "Receita 04",
        "categoria": "sobremesas-doces",
        "descricao": "",
        "image": {
          "fields": {
            "file": {
              "url": "img/receita/receita-4.jpg"
            }
          }
        }
      }
    },
    {
      "sys": {
        "id": "5"
      },
      "fields": {
        "nome": "Receita 05",
        "categoria": "paes",
        "descricao": "",
        "image": {
          "fields": {
            "file": {
              "url": "img/receita/receita-5.jpg"
            }
          }
        }
      }
    },
    {
      "sys": {
        "id": "6"
      },
      "fields": {
        "nome": "Receita 06",
        "categoria": "vegan",
        "descricao": "",
        "image": {
          "fields": {
            "file": {
              "url": "img/receita/receita-6.jpg"
            }
          }
        }
      }
    },
    {
      "sys": {
        "id": "7"
      },
      "fields": {
        "nome": "Receita 07",
        "categoria": "sobremesas-doces",
        "descricao": "",
        "image": {
          "fields": {
            "file": {
              "url": "img/receita/receita-7.jpg"
            }
          }
        }
      }
    },
    {
      "sys": {
        "id": "8"
      },
      "fields": {
        "nome": "Receita 08",
        "categoria": "sobremesas-doces",
        "descricao": "",
        "image": {
          "fields": {
            "file": {
              "url": "img/receita/receita-8.jpg"
            }
          }
        }
      }
    },
    {
      "sys": {
        "id": "9"
      },
      "fields": {
        "nome": "Receita 09",
        "categoria": "sobremesas-doces",
        "descricao": "",
        "image": {
          "fields": {
            "file": {
              "url": "img/receita/receita-9.jpg"
            }
          }
        }
      }
    }
  ]
}